c_Id,name,email,password,address,phone
1,Atharva Khatu,atharv@gmail.co,atharva123,Pune,9876543210
2,Ankit Singh,ankit@gmail.com,ankit123,Pune,9673479005
3,Gunjali Gajare,gunjali@gmail.com,Gunjali@123,Pune,8855030484
4,Rutuja  A. Chalse,rutuja@gmail.com,rutuja@123,Sambhajinar,7219255841
5,Aakash Chalse,aakash@gmail.com,rutuja@123,Sambhajinar,9876543211
6,Henderson Skyram,hskyram0@example.com,Ergfyy$456,Pune,9673479006
7,Agna Barkas,abarkas1@spotify.com,dfgts8890,Pune,8855030485
8,Gordie Thorpe,gthorpe2@gizmodo.com,sder34t@566,Pune,7219255842
9,Melinde Gabey,mgabey3@uiuc.edu,Ergfyy$457,Pune,9876543212
10,Sonja Duncklee,sduncklee4@myspace.com,dfgts8891,Pune,9673479007
11,Alvera Dallaghan,adallaghan5@zimbio.com,sder34t@567,Pune,8855030486
12,Forster Raynham,fraynham6@narod.ru,Ergfyy$458,Pune,7219255843
13,Dorette Elizabeth,delizabeth7@webeden.co.uk,dfgts8892,Pune,9876543213
14,Fleurette Lewens,flewens8@meetup.com,sder34t@568,Pune,9673479008
15,Ervin Nabarro,enabarro9@netlog.com,Ergfyy$459,Pune,8855030487
16,Herrick Debling,hdeblinga@t-online.de,dfgts8893,Pune,7219255844
17,Carmela Floyed,cfloyedb@ucsd.edu,sder34t@569,Pune,9876543214
18,Josefina Dudill,jdudillc@earthlink.net,Ergfyy$460,Pune,9673479009
19,Lee Nucciotti,lnucciottid@friendfeed.com,dfgts8894,Pune,8855030488
20,Michal Geill,mgeille@hc360.com,sder34t@570,Pune,7219255845
21,Maurie MacGahy,mmacgahyf@google.co.uk,Ergfyy$461,Pune,9876543215
22,Derrik Saylor,dsaylorg@dell.com,dfgts8895,Pune,9673479010
23,Lucienne Moynham,lmoynhamh@wikia.com,sder34t@571,Pune,8855030489
24,Clarissa Mewburn,cmewburni@nhs.uk,Ergfyy$462,Pune,7219255846
25,Shirley McKernon,smckernonj@51.la,dfgts8896,Pune,9876543216
26,Aveline MacShane,amacshanek@yellowpages.com,sder34t@572,Pune,9673479011
27,Hamil Smoote,hsmootel@nbcnews.com,Ergfyy$463,Pune,8855030490
28,Hyacinthie Trazzi,htrazzim@smugmug.com,dfgts8897,Pune,7219255847
29,Gregorius Slyme,gslymen@seattletimes.com,sder34t@573,Pune,9876543217
30,Katrina Hunstone,khunstoneo@weibo.com,Ergfyy$464,Pune,9673479012
31,Antoinette Kivlehan,akivlehanp@ibm.com,dfgts8898,Pune,8855030491
32,Jarrett McElrea,jmcelreaq@lulu.com,sder34t@574,Pune,7219255848
33,Dorrie Castro,dcastror@google.cn,Ergfyy$465,Pune,9876543218
34,Kalindi Blessed,kblesseds@discuz.net,dfgts8899,Pune,9673479013
35,Desirae Schiersch,dschierscht@nytimes.com,sder34t@575,Pune,8855030492
36,Marika Lytell,mlytellu@phoca.cz,Ergfyy$466,Pune,7219255849
37,Cullie Petkens,cpetkensv@ovh.net,dfgts8900,Pune,9876543219
38,Amerigo Winsborrow,awinsborroww@utexas.edu,sder34t@576,Pune,9673479014
39,Diahann Perago,dperagox@bbb.org,Ergfyy$467,Pune,8855030493
40,Rochella Radden,rraddeny@fastcompany.com,dfgts8901,Pune,7219255850
41,Layla Michie,lmichiez@google.com.hk,sder34t@577,Pune,9876543220
42,Raynell Acory,racory10@typepad.com,Ergfyy$468,Pune,9673479015
43,Ingram Martland,imartland11@reference.com,dfgts8902,Pune,8855030494
44,Carlye Jonas,cjonas12@umich.edu,sder34t@578,Pune,7219255851
45,Ralph Caple,rcaple13@amazonaws.com,Ergfyy$469,Pune,9876543221
46,Claus Webland,cwebland14@google.com.br,dfgts8903,Pune,9673479016
47,Chancey Dillestone,cdillestone15@netvibes.com,sder34t@579,Pune,8855030495
48,Jyoti Hammerson,jhammerson16@vinaora.com,Ergfyy$470,Pune,7219255852
49,Clovis Allen,callen17@ebay.com,dfgts8904,Pune,9876543222
50,Mack Gaudin,mgaudin18@goo.ne.jp,sder34t@580,Pune,9673479017
